{"count":1,"self":952.61870079999994,"total":3281.4862685999997,"children":{"InitializeActuators":{"count":2710,"self":0.0313909,"total":0.0313909,"children":null},"InitializeSensors":{"count":2710,"self":0.0180022,"total":0.0180022,"children":null},"AgentSendState":{"count":2500201,"self":5.4054991999999995,"total":14.9524551,"children":{"CollectObservations":{"count":500041,"self":0.88165419999999994,"total":0.88165419999999994,"children":null},"WriteActionMask":{"count":500041,"self":0.3256041,"total":0.3256041,"children":null},"RequestDecision":{"count":500041,"self":2.1028857999999997,"total":8.3396976,"children":{"AgentInfo.ToProto":{"count":500041,"self":2.6055542,"total":6.2368118,"children":{"GenerateSensorData":{"count":500041,"self":3.6312575999999996,"total":3.6312575999999996,"children":null}}}}}}},"DecideAction":{"count":2500201,"self":2304.7129087999997,"total":2304.7128961999997,"children":null},"AgentAct":{"count":2500201,"self":9.1200744,"total":9.1200747,"children":null},"AgentInfo.ToProto":{"count":2733,"self":0.0117346,"total":0.0327412,"children":{"GenerateSensorData":{"count":2733,"self":0.0210066,"total":0.0210066,"children":null}}}},"gauges":{"MoveToSurvive.CumulativeReward":{"count":24,"max":0.5203901,"min":0.0605590232,"runningAverage":0.290467769,"value":0.5203901,"weightedAverage":0.460511327}},"metadata":{"timer_format_version":"0.1.0","start_time_seconds":"1670178448","unity_version":"2021.3.10f1","command_line_arguments":"C:\\Program Files\\Unity\\Hub\\Editor\\2021.3.10f1\\Editor\\Unity.exe -projectpath C:\\Users\\Marc\\repos\\uni\\TAIA\\Proj\\TAIA_Survivor -useHub -hubIPC -cloudEnvironment production -licensingIpc LicenseClient-6-xJCiKn7zOhz0DqdwNnF -hubSessionId ecd8be60-73d1-11ed-8fdc-5380ffde3333 -accessToken 4UmMRpeNXibZKdCRrwBbQo7OkBDRZcqPm2DiojbB8Kw006f","communication_protocol_version":"1.5.0","com.unity.ml-agents_version":"2.0.1","scene_name":"ML_Survivor","end_time_seconds":"1670181729"}}