{"count":1,"self":32.437184,"total":32.632746,"children":{"InitializeActuators":{"count":3,"self":0.0019962,"total":0.0019962,"children":null},"InitializeSensors":{"count":3,"self":0.0024952999999999998,"total":0.0024952999999999998,"children":null},"AgentSendState":{"count":1463,"self":0.021460299999999998,"total":0.16115459999999998,"children":{"CollectObservations":{"count":293,"self":0.0094731,"total":0.0094731,"children":null},"WriteActionMask":{"count":293,"self":0.00049929999999999994,"total":0.00049929999999999994,"children":null},"RequestDecision":{"count":293,"self":0.1297219,"total":0.1297219,"children":null}}},"DecideAction":{"count":1463,"self":0.012456499999999999,"total":0.012456499999999999,"children":null},"AgentAct":{"count":1463,"self":0.016959099999999998,"total":0.016959099999999998,"children":null}},"gauges":{"MoveToSurvive.CumulativeReward":{"count":2,"max":-2.200006,"min":-4.50991631,"runningAverage":-3.35496116,"value":-4.50991631,"weightedAverage":-2.77748346}},"metadata":{"timer_format_version":"0.1.0","start_time_seconds":"1670437959","unity_version":"2021.3.10f1","command_line_arguments":"C:\\Program Files\\Unity\\Hub\\Editor\\2021.3.10f1\\Editor\\Unity.exe -projectpath C:\\Users\\Isikhathi\\repos\\uni\\TAIA\\TAIA_Survivor -useHub -hubIPC -cloudEnvironment production -licensingIpc LicenseClient-mxPgu4hFrMSrW3GofsI78 -hubSessionId 1742e3b0-7634-11ed-9500-1d8974159a97 -accessToken 7DKx4hM63To7m315Y-53DrLl3fSRUX8xJ6z36rJTxp0006f","communication_protocol_version":"1.5.0","com.unity.ml-agents_version":"2.0.1","scene_name":"ML_Survivor","end_time_seconds":"1670437991"}}